{
  "Stomach": {
    "dice": {
      "mean": 0.932898069577652,
      "std": 0.06197532246016876,
      "median": 0.9529940804744553,
      "q25": 0.9202325841321185,
      "q75": 0.9721327007809493
    },
    "hd95": {
      "mean": 4.16039374259933,
      "std": 3.316028490283984,
      "median": 3.03224755112299,
      "q25": 2.2119336472387543,
      "q75": 4.624532251576951
    },
    "asd": {
      "mean": 1.3135410457554901,
      "std": 0.946127460236966,
      "median": 1.0871690231250415,
      "q25": 0.8701832666208251,
      "q75": 1.44627825471429
    },
    "surface_dice_2mm": {
      "mean": 0.9160651896501919,
      "std": 0.076434708531223,
      "median": 0.9369887570447701,
      "q25": 0.8799109714085142,
      "q75": 0.9716290690988296
    },
    "volume_similarity": {
      "mean": 0.9545219040430917,
      "std": 0.05861379046746508,
      "median": 0.9773494491819292,
      "q25": 0.9519514725776389,
      "q75": 0.9886219393112696
    },
    "fpr": {
      "mean": 0.0005703595510519659,
      "std": 0.000454295420727023,
      "median": 0.0004510265308997481,
      "q25": 0.00024602748107849747,
      "q75": 0.0007561933413012291
    },
    "fnr": {
      "mean": 0.042943614113549564,
      "std": 0.036354923745883456,
      "median": 0.034624157659448165,
      "q25": 0.020603362869796887,
      "q75": 0.05620859569223003
    },
    "components": {
      "mean": 0.052083333333333336,
      "std": 0.09287955697124423,
      "median": 0.0,
      "q25": 0.0,
      "q75": 0.1
    },
    "continuity": {
      "mean": 0.5216503316538986,
      "std": 0.2189319666378425,
      "median": 0.5,
      "q25": 0.4,
      "q75": 0.7
    },
    "object_f1": {
      "mean": 0.955734126984127,
      "std": 0.07376041366280928,
      "median": 1.0,
      "q25": 0.9166666666666666,
      "q75": 1.0
    }
  },
  "Small_Bowel": {
    "dice": {
      "mean": 0.8772580995874831,
      "std": 0.07077647016159878,
      "median": 0.8972959825146274,
      "q25": 0.8408214392655985,
      "q75": 0.9270360711025527
    },
    "hd95": {
      "mean": 5.913522658356351,
      "std": 4.897132859642301,
      "median": 4.191620662093803,
      "q25": 3.188756982049576,
      "q75": 6.2911598310086045
    },
    "asd": {
      "mean": 1.5500954665961248,
      "std": 0.8149334593591125,
      "median": 1.3361252641583432,
      "q25": 1.0944065483502967,
      "q75": 1.6703353302703894
    },
    "surface_dice_2mm": {
      "mean": 0.864879327438849,
      "std": 0.07666714164262933,
      "median": 0.8783253864120133,
      "q25": 0.8297387724289711,
      "q75": 0.9182993364573909
    },
    "volume_similarity": {
      "mean": 0.9326183754188778,
      "std": 0.06941584608027396,
      "median": 0.9646103226084961,
      "q25": 0.8881015102437232,
      "q75": 0.9791338722745422
    },
    "fpr": {
      "mean": 0.0016789146929287308,
      "std": 0.0009237769882448763,
      "median": 0.0015074319716679415,
      "q25": 0.000979981778285077,
      "q75": 0.00216237512307573
    },
    "fnr": {
      "mean": 0.08404496323356703,
      "std": 0.03726378014117556,
      "median": 0.07942854939009156,
      "q25": 0.05619139136001637,
      "q75": 0.10409943806854764
    },
    "components": {
      "mean": 0.3854166666666667,
      "std": 0.2573823220856907,
      "median": 0.3,
      "q25": 0.2,
      "q75": 0.5
    },
    "continuity": {
      "mean": 0.5108958789174399,
      "std": 0.14941986705351998,
      "median": 0.507593642762895,
      "q25": 0.40346256394624697,
      "q75": 0.6156312344032865
    },
    "cl_dice": {
      "mean": 0.8753330170342735,
      "std": 0.08169451849386475,
      "median": 0.8947322171771912,
      "q25": 0.8323510078271109,
      "q75": 0.9385134046643292
    },
    "object_f1": {
      "mean": 0.8418563255646939,
      "std": 0.1025777582243446,
      "median": 0.8522577422577422,
      "q25": 0.7774567099567098,
      "q75": 0.9191666666666667
    }
  },
  "Large_Bowel": {
    "dice": {
      "mean": 0.9088158798551385,
      "std": 0.06683862064662868,
      "median": 0.9273732293582937,
      "q25": 0.8987163602239553,
      "q75": 0.9419358774909883
    },
    "hd95": {
      "mean": 4.1320338281783595,
      "std": 5.377237918372504,
      "median": 2.6508551334083146,
      "q25": 2.1305124540293137,
      "q75": 3.9054170524413325
    },
    "asd": {
      "mean": 1.1915142024855314,
      "std": 1.6218367051380498,
      "median": 0.9276738272341449,
      "q25": 0.7788339533002715,
      "q75": 1.1600898822190397
    },
    "surface_dice_2mm": {
      "mean": 0.9163579961678389,
      "std": 0.07696033941653094,
      "median": 0.9393308600319826,
      "q25": 0.8910337209112633,
      "q75": 0.9616835996767825
    },
    "volume_similarity": {
      "mean": 0.9514189557170105,
      "std": 0.06457301392715602,
      "median": 0.974243334037601,
      "q25": 0.956557161276578,
      "q75": 0.9818594799609854
    },
    "fpr": {
      "mean": 0.001255008800330681,
      "std": 0.0007381917212828515,
      "median": 0.0011519365624193096,
      "q25": 0.0007792814302504181,
      "q75": 0.0015872327965685868
    },
    "fnr": {
      "mean": 0.06644263151850344,
      "std": 0.028184639364288493,
      "median": 0.06217886738600886,
      "q25": 0.04728192096851753,
      "q75": 0.08157315123655662
    },
    "components": {
      "mean": 0.20476190476190476,
      "std": 0.19466378946713542,
      "median": 0.2,
      "q25": 0.1,
      "q75": 0.3
    },
    "continuity": {
      "mean": 0.6059984737631188,
      "std": 0.14802304163059887,
      "median": 0.6103118250538548,
      "q25": 0.5052030263261227,
      "q75": 0.7066104224131452
    },
    "object_f1": {
      "mean": 0.9205312016026302,
      "std": 0.08738406288099693,
      "median": 0.9422619047619047,
      "q25": 0.8857142857142858,
      "q75": 0.9800000000000001
    }
  },
  "inference": {
    "mean_time_ms": 5.15350912298475,
    "std_time_ms": 1.224178495326787
  }
}