{
  "Stomach": {
    "dice": {
      "mean": 0.8973980526187075,
      "std": 0.09174484737145709,
      "median": 0.9264393568045665,
      "q25": 0.8650570568790268,
      "q75": 0.9579486315580332
    },
    "hd95": {
      "mean": 6.227373144407272,
      "std": 5.141356699468927,
      "median": 4.510902125712099,
      "q25": 2.77429805496077,
      "q75": 7.760962751429242
    },
    "asd": {
      "mean": 1.7953004588223227,
      "std": 1.5002334688133765,
      "median": 1.3743508163214884,
      "q25": 1.0098379875522867,
      "q75": 2.054634764808937
    },
    "surface_dice_2mm": {
      "mean": 0.8675177293233873,
      "std": 0.11075216371939521,
      "median": 0.8897223607013321,
      "q25": 0.8325044084006542,
      "q75": 0.9453950128314574
    },
    "volume_similarity": {
      "mean": 0.9203331299270909,
      "std": 0.08392117145188123,
      "median": 0.9544881342444569,
      "q25": 0.8828047410119325,
      "q75": 0.979791583941551
    },
    "fpr": {
      "mean": 0.0007813305803704555,
      "std": 0.0010382943520455673,
      "median": 0.0005919788650744198,
      "q25": 0.0003258577866928922,
      "q75": 0.0009629179015805628
    },
    "fnr": {
      "mean": 0.05206345523417698,
      "std": 0.05750311348741754,
      "median": 0.03826513991381837,
      "q25": 0.01861410581039205,
      "q75": 0.06776834183438203
    },
    "components": {
      "mean": 0.12053571428571429,
      "std": 0.14171886543339207,
      "median": 0.1,
      "q25": 0.0,
      "q75": 0.2
    },
    "continuity": {
      "mean": 0.5346166321918631,
      "std": 0.21293380086857494,
      "median": 0.5,
      "q25": 0.4,
      "q75": 0.6948329389226955
    },
    "object_f1": {
      "mean": 0.9102777777777779,
      "std": 0.11305926049855324,
      "median": 0.9333333333333332,
      "q25": 0.8666666666666666,
      "q75": 1.0
    }
  },
  "Small_Bowel": {
    "dice": {
      "mean": 0.8196742134937836,
      "std": 0.09801700775262955,
      "median": 0.8366987693865606,
      "q25": 0.7725824425355304,
      "q75": 0.8956332848829047
    },
    "hd95": {
      "mean": 11.177136762313388,
      "std": 7.677860651597188,
      "median": 8.862235066108944,
      "q25": 5.864040749022468,
      "q75": 14.431917166480698
    },
    "asd": {
      "mean": 2.6529163845476593,
      "std": 2.2253851382772956,
      "median": 2.116728100462032,
      "q25": 1.6308482075540733,
      "q75": 2.9793705865210924
    },
    "surface_dice_2mm": {
      "mean": 0.78345378593135,
      "std": 0.10916213358136408,
      "median": 0.800884648741939,
      "q25": 0.7251591125594407,
      "q75": 0.8663771274572932
    },
    "volume_similarity": {
      "mean": 0.8788983769934584,
      "std": 0.09170177595657787,
      "median": 0.8972408340778202,
      "q25": 0.838520596845774,
      "q75": 0.9511911154026166
    },
    "fpr": {
      "mean": 0.0031782976943464636,
      "std": 0.0021380760086092596,
      "median": 0.0026950020098548567,
      "q25": 0.0016986528616053367,
      "q75": 0.004110707208517046
    },
    "fnr": {
      "mean": 0.10156123965920949,
      "std": 0.07471913739956085,
      "median": 0.0858241035274474,
      "q25": 0.056022168538721,
      "q75": 0.12345621280603235
    },
    "components": {
      "mean": 0.6622023809523809,
      "std": 0.3878741290603578,
      "median": 0.6,
      "q25": 0.4,
      "q75": 0.9
    },
    "continuity": {
      "mean": 0.5288314810881226,
      "std": 0.1438544106006683,
      "median": 0.5326466143199629,
      "q25": 0.4239647113660995,
      "q75": 0.6250318549769555
    },
    "cl_dice": {
      "mean": 0.8149881377449729,
      "std": 0.10421172371624167,
      "median": 0.8323836879659592,
      "q25": 0.7558563733437172,
      "q75": 0.8896648620047738
    },
    "object_f1": {
      "mean": 0.7243749492113739,
      "std": 0.14018539650949766,
      "median": 0.7420238095238095,
      "q25": 0.6407371794871795,
      "q75": 0.8300000000000001
    }
  },
  "Large_Bowel": {
    "dice": {
      "mean": 0.8645728417907502,
      "std": 0.09929078547028483,
      "median": 0.8893071304912756,
      "q25": 0.8422131889423958,
      "q75": 0.9227620474273883
    },
    "hd95": {
      "mean": 10.147880363314979,
      "std": 10.102535135183805,
      "median": 6.782293166052218,
      "q25": 3.9259462803706073,
      "q75": 12.82163175671979
    },
    "asd": {
      "mean": 2.293792234886498,
      "std": 3.072663387846738,
      "median": 1.5791853805372282,
      "q25": 1.1108275305365949,
      "q75": 2.32053061871285
    },
    "surface_dice_2mm": {
      "mean": 0.8523832007728442,
      "std": 0.10866402094735622,
      "median": 0.8739873007154122,
      "q25": 0.8146739173101333,
      "q75": 0.920764135024114
    },
    "volume_similarity": {
      "mean": 0.9075540174694696,
      "std": 0.08933026259102655,
      "median": 0.9390759302303195,
      "q25": 0.8775025136361364,
      "q75": 0.9604298120364547
    },
    "fpr": {
      "mean": 0.0021669267243865135,
      "std": 0.002146165475671261,
      "median": 0.0016652296072144901,
      "q25": 0.0010430210073284216,
      "q75": 0.002543568935897357
    },
    "fnr": {
      "mean": 0.08195975317507448,
      "std": 0.05628017906893409,
      "median": 0.07237762274427773,
      "q25": 0.045375793028832205,
      "q75": 0.104181154282243
    },
    "components": {
      "mean": 0.4407738095238095,
      "std": 0.3480874565526558,
      "median": 0.4,
      "q25": 0.2,
      "q75": 0.6
    },
    "continuity": {
      "mean": 0.6061146317880729,
      "std": 0.14510705696525086,
      "median": 0.6163194479871967,
      "q25": 0.5124071815910525,
      "q75": 0.7100033603449877
    },
    "object_f1": {
      "mean": 0.8505846592716341,
      "std": 0.12035046497337626,
      "median": 0.8714285714285716,
      "q25": 0.8020833333333333,
      "q75": 0.9230952380952382
    }
  },
  "inference": {
    "mean_time_ms": 0.503308858190264,
    "std_time_ms": 0.12012448015153639
  }
}